{
  "criteria": {
    "timer_begun": {
      "trigger": "minecraft:tick",
      "conditions": {
        "player": [
          {
            "condition": "minecraft:value_check",
            "value": {
              "type": "minecraft:score",
              "target": {
                "type": "minecraft:fixed",
                "name": "$status"
              },
              "score": "limited_life_session"
            },
            "range": {
              "min": 0
            }
          }
        ]
      }
    },
    "boogey_kill": {
      "trigger": "minecraft:player_killed_entity",
      "conditions": {
        "player": [
          {
            "condition": "minecraft:entity_properties",
            "entity": "this",
            "predicate": {
              "nbt": "{Tags:[\"boogey\"]}"
            }
          }
        ],
        "entity": [
          {
            "condition": "minecraft:entity_properties",
            "entity": "this",
            "predicate": {
              "type": "minecraft:player"
            }
          }
        ]
      }
    }
  },
  "rewards": {
    "function": "limited_life:time/boogey_kill"
  }
}
