{
  "criteria": {
    "timer_begun": {
      "trigger": "minecraft:tick",
      "conditions": {
        "player": [
          {
            "condition": "minecraft:value_check",
            "value": {
              "type": "minecraft:score",
              "target": {
                "type": "minecraft:fixed",
                "name": "$status"
              },
              "score": "limited_life_session"
            },
            "range": {
              "min": 0
            }
          }
        ]
      }
    },
    "yellow_on_green": {
      "trigger": "minecraft:player_killed_entity",
      "conditions": {
        "player": [
          {
            "condition": "minecraft:inverted",
            "term": {
              "condition": "minecraft:entity_properties",
              "entity": "this",
              "predicate": {
                "nbt": "{Tags:[\"boogey\"]}"
              }
            }
          },
          {
            "condition": "minecraft:value_check",
            "value": {
              "type": "minecraft:score",
              "target": "this",
              "score": "limited_life_total_time",
              "scale": 1
            },
            "range": {
              "min": 28800,
              "max": 57599
            }
          }
        ],
        "entity": [
          {
            "condition": "minecraft:value_check",
            "value": {
              "type": "minecraft:score",
              "target": "this",
              "score": "limited_life_total_time",
              "scale": 1
            },
            "range": {
              "min": 57600
            }
          }
        ]
      }
    },
    "red_on_any": {
      "trigger": "minecraft:player_killed_entity",
      "conditions": {
        "player": [
          {
            "condition": "minecraft:inverted",
            "term": {
              "condition": "minecraft:entity_properties",
              "entity": "this",
              "predicate": {
                "nbt": "{Tags:[\"boogey\"]}"
              }
            }
          },
          {
            "condition": "minecraft:value_check",
            "value": {
              "type": "minecraft:score",
              "target": "this",
              "score": "limited_life_total_time",
              "scale": 1
            },
            "range": {
              "max": 28799
            }
          }
        ],
        "entity": [
          {
            "condition": "minecraft:entity_properties",
            "entity": "this",
            "predicate": {
              "type": "minecraft:player"
            }
          }
        ]
      }
    }
  },
  "requirements": [
    [
      "timer_begun"
    ],
    [
      "yellow_on_green",
      "red_on_any"
    ]
  ],
  "rewards": {
    "function": "limited_life:time/regular_kill"
  }
}
